<?xml version="1.0" encoding="utf-8"?>
<feed version="0.3" xmlns="http://purl.org/atom/ns#" xml:base="http://example.org/">
  <title>Sample Feed</title>
  <tagline>For documentation only</tagline>
  <link rel="alternate" type="text/html" href="index.html"/>
  <generator url="/generator/" version="3.0">Sample Toolkit</generator>
  <entry xml:base="http://example.org/archives/">
    <title>First entry title</title>
    <link rel="alternate" type="text/html" href="000001.html"/>
    <link rel="service.edit" type="application/atom+xml" href="37" xml:base="http://example.com/api/client/"/>
    <id>tag:example.org,2004-04-20:/archives/000001.html</id>
    <created>2004-04-19T07:45:00Z</created>
    <issued>2004-04-20T00:23:47Z</issued>
    <modified>2004-04-20T11:56:34Z</modified>
    <author>
      <name>Mark Pilgrim</name>
      <url>../about/</url>
      <email>mark@example.org</email>
    </author>
    <content type="text/html" mode="escaped" xml:base="http://example.org/archives/000001.html">
      &lt;p id="anchor1">&lt;a href="#anchor2">skip to anchor 2&lt;/a>&lt;/p>
      &lt;p>Some content&lt;/p>
      &lt;p id="anchor2">This is anchor 2&lt;/p>
    </content>
  </entry>
</feed>